time;Bx;By;Bz;BT
16:14:29:224;69,86;-12,53;-24,19;74,99
16:14:29:241;69,96;-12,30;-24,17;75,03
16:14:29:261;69,71;-13,21;-25,04;75,23
16:14:29:271;70,25;-11,86;-24,77;75,43
16:14:29:281;70,25;-11,86;-24,77;75,43
16:14:29:291;71,38;-13,45;-34,17;80,28
16:14:29:311;70,77;-12,73;-33,94;79,52
16:14:29:322;70,77;-12,73;-33,94;79,52
16:14:29:332;67,87;-12,68;-26,67;74,02
16:14:29:344;67,87;-12,68;-26,67;74,02
16:14:29:362;68,60;-12,61;-28,62;75,39
16:14:29:372;68,60;-12,61;-28,62;75,39
16:14:29:382;70,12;-11,73;-23,57;74,90
16:14:29:394;70,12;-11,73;-23,57;74,90
16:14:29:413;70,75;-13,05;-28,09;77,23
16:14:29:433;69,73;-12,17;-23,14;74,47
16:14:29:444;70,18;-12,68;-29,40;77,14
16:14:29:463;69,77;-12,52;-24,44;74,98
16:14:29:474;69,77;-12,52;-24,44;74,98
16:14:29:484;70,27;-13,26;-28,54;77,00
16:14:29:504;69,86;-12,52;-23,87;74,88
16:14:29:525;70,36;-16,01;-29,31;77,88
16:14:29:545;71,62;-12,51;-28,33;78,02
16:14:29:555;71,62;-12,51;-28,33;78,02
16:14:29:575;69,18;-12,27;-24,31;74,34
16:14:29:585;68,98;-12,14;-24,23;74,11
16:14:29:606;68,04;-17,64;-33,00;77,66
16:14:29:625;70,99;-13,66;-33,73;79,77
16:14:29:636;70,99;-13,66;-33,73;79,77
16:14:29:650;68,84;-18,39;-37,08;80,32
16:14:29:666;70,91;-13,32;-34,92;80,15
16:14:29:676;70,91;-13,32;-34,92;80,15
16:14:29:687;61,09;-12,61;-28,90;68,75
16:14:29:697;61,09;-12,61;-28,90;68,75
16:14:29:717;70,69;-13,30;-34,06;79,59
16:14:29:738;69,49;-13,36;-32,69;77,95
16:14:29:757;69,83;-14,18;-33,76;78,84
16:14:29:767;69,83;-14,18;-33,76;78,84
16:14:29:778;70,90;-13,55;-34,53;80,02
16:14:29:788;70,90;-13,55;-34,53;80,02
16:14:29:799;71,51;-18,49;-34,25;81,42
16:14:29:810;71,51;-18,49;-34,25;81,42
16:14:29:828;67,58;-12,89;-26,38;73,68
16:14:29:839;68,36;-19,14;-32,25;77,97
16:14:29:849;68,36;-19,14;-32,25;77,97
16:14:29:869;69,38;-12,98;-28,10;75,97
16:14:29:889;68,83;-14,83;-36,27;79,20
16:14:29:909;70,00;-13,13;-29,51;77,09
16:14:29:920;70,76;-12,71;-28,96;77,50
16:14:29:930;70,76;-12,71;-28,96;77,50
16:14:29:950;71,00;-13,66;-34,45;80,09
16:14:29:962;69,03;-13,18;-25,32;74,70
16:14:29:980;69,67;-12,52;-24,12;74,78
16:14:29:992;69,67;-12,52;-24,12;74,78
16:14:30:010;71,49;-14,02;-33,79;80,30
16:14:30:021;70,39;-13,49;-29,10;77,35
16:14:30:032;70,39;-13,49;-29,10;77,35
16:14:30:051;71,22;-12,97;-31,75;79,05
16:14:30:062;68,40;-13,65;-31,74;76,63
16:14:30:072;68,40;-13,65;-31,74;76,63
16:14:30:092;70,31;-13,97;-33,63;79,18
16:14:30:102;71,30;-13,56;-34,83;80,50
16:14:30:113;71,30;-13,56;-34,83;80,50
16:14:30:133;70,98;-13,32;-34,03;79,84
16:14:30:153;70,80;-13,54;-34,14;79,76
16:14:30:163;70,80;-13,54;-34,14;79,76
16:14:30:173;71,39;-13,11;-34,80;80,49
16:14:30:193;71,96;-13,36;-34,13;80,76
16:14:30:213;70,51;-13,41;-34,56;79,66
16:14:30:225;70,51;-13,41;-34,56;79,66
16:14:30:244;63,67;-13,72;-42,84;77,96
16:14:30:264;70,42;-13,75;-34,50;79,61
16:14:30:278;70,51;-13,41;-34,63;79,70
16:14:30:294;69,74;-13,84;-34,63;79,08
16:14:30:305;69,74;-13,84;-34,63;79,08
16:14:30:325;71,11;-13,56;-34,84;80,34
16:14:30:335;70,85;-12,82;-28,56;77,46
16:14:30:356;70,86;-12,83;-29,04;77,65
16:14:30:376;70,70;-13,19;-34,53;79,78
16:14:30:396;70,72;-13,54;-34,87;80,00
16:14:30:408;70,72;-13,54;-34,87;80,00
16:14:30:426;70,82;-13,66;-35,11;80,22
16:14:30:437;70,80;-13,42;-34,29;79,80
16:14:30:457;71,22;-12,72;-27,96;77,57
16:14:30:467;71,22;-12,72;-27,96;77,57
16:14:30:478;71,90;-12,87;-27,44;78,03
16:14:30:499;70,62;-13,42;-35,19;80,04
16:14:30:510;70,62;-13,42;-35,19;80,04
16:14:30:528;70,39;-12,24;-30,65;77,74
16:14:30:539;70,58;-12,84;-33,96;79,37
16:14:30:558;70,37;-12,67;-24,88;75,71
16:14:30:569;69,67;-12,40;-24,44;74,87
16:14:30:590;69,85;-12,18;-24,17;74,92
16:14:30:614;72,60;-13,47;-27,66;78,85
16:14:30:629;69,28;-12,16;-24,45;74,46
16:14:30:644;69,28;-12,16;-24,45;74,46
16:14:30:659;69,85;-12,18;-23,93;74,83
16:14:30:670;69,96;-12,30;-24,25;75,06
16:14:30:680;69,96;-12,30;-24,25;75,06
16:14:30:701;69,76;-12,29;-24,18;74,85
16:14:30:715;69,68;-12,64;-24,61;74,97
16:14:30:731;69,77;-12,07;-24,90;75,06
16:14:30:744;69,77;-12,07;-24,90;75,06
16:14:30:761;69,75;-12,40;-23,63;74,68
16:14:30:782;69,57;-12,51;-24,37;74,77
16:14:30:794;69,75;-12,29;-23,62;74,66
16:14:30:812;69,38;-11,82;-25,07;74,71
16:14:30:832;69,38;-11,82;-25,07;74,71
16:14:30:853;69,96;-12,76;-23,63;74,93
16:14:30:872;69,76;-12,52;-23,80;74,76
16:14:30:882;69,76;-12,52;-23,80;74,76
16:14:30:902;69,97;-12,76;-24,11;75,10
16:14:30:913;69,68;-12,63;-24,37;74,89
16:14:30:932;69,68;-12,63;-24,37;74,89
16:14:30:944;68,54;-12,82;-25,82;74,36
16:14:30:954;68,54;-12,82;-25,82;74,36
16:14:30:974;68,07;-13,03;-26,51;74,21
16:14:30:984;69,87;-12,64;-24,11;74,98
16:14:31:004;68,68;-12,95;-27,51;75,11
16:14:31:014;68,68;-12,95;-27,51;75,11
16:14:31:028;69,49;-12,51;-24,94;74,88
16:14:31:045;70,91;-13,20;-35,08;80,20
16:14:31:065;71,09;-13,44;-34,19;80,02
16:14:31:075;71,09;-13,44;-34,19;80,02
16:14:31:086;58,17;-16,62;-33,48;69,14
16:14:31:106;68,30;-24,63;-32,28;79,46
16:14:31:116;68,30;-24,63;-32,28;79,46
16:14:31:132;70,06;-33,77;-35,18;85,36
16:14:31:146;71,28;-38,18;-36,35;88,65
16:14:31:160;71,28;-38,18;-36,35;88,65
16:14:31:177;70,36;-13,71;-27,35;76,72
16:14:31:197;70,29;-13,15;-29,33;77,29
16:14:31:209;64,16;-24,73;-43,26;81,24
16:14:31:227;69,85;-13,62;-35,49;79,53
16:14:31:237;69,85;-13,62;-35,49;79,53
16:14:31:248;59,75;-38,52;-48,66;86,15
16:14:31:259;59,75;-38,52;-48,66;86,15
16:14:31:278;68,57;-13,08;-31,38;76,54
16:14:31:292;68,04;-13,77;-37,15;78,74
16:14:31:308;60,90;-13,04;-46,13;77,51
16:14:31:318;60,90;-13,04;-46,13;77,51
16:14:31:329;47,90;-23,37;-33,96;63,20
16:14:31:347;47,90;-23,37;-33,96;63,20
16:14:31:359;55,06;-24,02;-29,96;67,12
16:14:31:379;58,00;-12,09;-22,34;63,32
16:14:31:392;58,00;-12,09;-22,34;63,32
16:14:31:409;58,15;-12,66;-41,64;72,64
16:14:31:430;70,14;-13,97;-34,61;79,45
16:14:31:446;69,25;-33,16;-34,48;84,17
16:14:31:460;71,68;-12,65;-30,98;79,11
16:14:31:470;71,68;-12,65;-30,98;79,11
16:14:31:481;69,65;-12,40;-23,72;74,62
16:14:31:492;69,65;-12,40;-23,72;74,62
16:14:31:511;71,33;-34,05;-34,54;86,26
16:14:31:525;62,10;-61,52;-49,22;100,32
16:14:31:542;69,06;-13,69;-34,99;78,62
16:14:31:563;68,75;-43,58;-39,69;90,56
16:14:31:574;68,75;-43,58;-39,69;90,56
16:14:31:592;72,29;-14,07;-34,70;81,41
16:14:31:602;68,66;-13,22;-35,15;78,26
16:14:31:612;68,66;-13,22;-35,15;78,26
16:14:31:633;70,63;-13,54;-35,36;80,14
16:14:31:653;70,10;-13,96;-32,84;78,66
16:14:31:678;70,35;-13,64;-36,02;80,21
16:14:31:693;70,77;-13,87;-32,55;79,12
16:14:31:706;68,68;-13,09;-31,69;76,76
16:14:31:724;69,21;-13,35;-33,36;77,98
16:14:31:743;69,21;-13,35;-33,36;77,98
16:14:31:754;68,94;-13,23;-34,33;78,14
16:14:31:764;68,94;-13,23;-34,33;78,14
16:14:31:781;70,20;-12,26;-35,08;79,43
16:14:31:795;70,75;-12,02;-29,57;77,62
16:14:31:806;70,75;-12,02;-29,57;77,62
16:14:31:824;71,17;-12,07;-35,01;80,23
16:14:31:835;71,47;-12,43;-34,76;80,44
16:14:31:845;71,47;-12,43;-34,76;80,44
16:14:31:866;72,06;-13,14;-34,19;80,83
16:14:31:879;72,39;-12,89;-27,65;78,56
16:14:31:895;70,15;-12,31;-24,16;75,21
16:14:31:908;70,15;-12,31;-24,16;75,21
16:14:31:926;68,78;-13,18;-27,27;75,15
16:14:31:940;71,20;-12,97;-31,11;78,78
16:14:31:956;70,31;-12,47;-31,23;77,94
16:14:31:967;70,31;-12,47;-31,23;77,94
16:14:31:978;69,99;-12,11;-30,43;77,28
16:14:31:989;69,99;-12,11;-30,43;77,28
16:14:32:007;69,57;-12,08;-29,17;76,40
16:14:32:018;70,27;-12,23;-29,61;77,23
16:14:32:037;70,46;-11,90;-29,90;77,47
16:14:32:048;70,46;-11,90;-29,90;77,47
16:14:32:068;70,19;-12,00;-30,65;77,53
16:14:32:079;70,74;-12,02;-28,92;77,36
16:14:32:089;70,74;-12,02;-28,92;77,36
16:14:32:109;71,03;-11,92;-29,06;77,67
16:14:32:123;72,15;-11,50;-27,27;77,99
16:14:32:141;71,19;-12,99;-34,97;80,37
16:14:32:159;68,60;-12,27;-28,84;75,42
16:14:32:174;70,74;-13,32;-36,22;80,58
16:14:32:196;69,99;-11,88;-30,34;77,20
16:14:32:210;71,27;-12,53;-34,54;80,18
16:14:32:222;71,27;-12,53;-34,54;80,18
16:14:32:240;69,01;-12,49;-25,21;74,52
16:14:32:250;71,12;-13,33;-35,79;80,73
16:14:32:261;71,12;-13,33;-35,79;80,73
16:14:32:281;69,93;-12,68;-31,10;77,58
16:14:32:294;70,62;-12,97;-35,41;80,05
16:14:32:306;70,62;-12,97;-35,41;80,05
16:14:32:322;69,45;-12,43;-31,85;77,41
16:14:32:342;69,28;-12,64;-28,57;76,00
16:14:32:356;72,79;-12,25;-33,05;80,88
16:14:32:373;70,23;-13,27;-30,87;77,85
16:14:32:393;71,24;-13,43;-32,49;79,45
16:14:32:411;71,24;-13,43;-32,49;79,45
16:14:32:422;69,72;-13,24;-30,10;77,09
16:14:32:433;70,49;-13,04;-29,80;77,63
16:14:32:453;70,59;-13,28;-29,64;77,70
16:14:32:473;70,05;-14,06;-30,68;77,75
16:14:32:494;69,57;-13,92;-31,27;77,54
16:14:32:511;69,57;-13,92;-31,27;77,54
16:14:32:524;69,18;-13,34;-31,75;77,27
16:14:32:539;72,97;-13,03;-27,05;78,90
16:14:32:555;68,21;-13,64;-31,83;76,50
16:14:32:575;67,31;-31,96;-40,59;84,85
16:14:32:589;70,74;-13,43;-36,07;80,53
16:14:32:605;70,92;-13,89;-34,87;80,24
16:14:32:627;71,28;-13,45;-34,26;80,23
16:14:32:639;71,28;-13,45;-34,26;80,23
16:14:32:656;71,10;-13,33;-34,67;80,21
16:14:32:666;71,95;-12,79;-34,10;80,64
16:14:32:676;71,95;-12,79;-34,10;80,64
16:14:32:696;70,73;-13,20;-35,97;80,45
16:14:32:707;72,41;-12,46;-33,09;80,58
16:14:32:727;72,41;-12,46;-33,09;80,58
16:14:32:748;71,69;-12,99;-31,00;79,18
16:14:32:767;70,93;-14,01;-35,04;80,34
16:14:32:778;70,93;-14,01;-35,04;80,34
16:14:32:798;70,42;-13,27;-30,46;77,86
16:14:32:818;70,60;-15,37;-36,41;80,91
16:14:32:829;71,20;-13,33;-34,99;80,44
16:14:32:843;71,20;-13,33;-34,99;80,44
16:14:32:859;71,16;-19,17;-35,11;81,63
16:14:32:872;70,81;-13,43;-34,94;80,10
16:14:32:889;70,67;-18,46;-35,92;81,39
16:14:32:904;70,67;-18,46;-35,92;81,39
16:14:32:919;70,45;-13,31;-36,40;80,41
16:14:32:930;68,80;-12,44;-37,76;79,46
16:14:32:943;70,99;-13,21;-34,59;80,07
16:14:32:954;70,99;-13,21;-34,59;80,07
16:14:32:972;68,80;-13,35;-36,76;79,14
16:14:32:981;71,28;-12,99;-34,40;80,20
16:14:33:000;68,48;-13,55;-35,34;78,25
16:14:33:011;68,48;-13,55;-35,34;78,25
16:14:33:031;69,89;-12,54;-25,55;75,47
16:14:33:042;71,47;-12,40;-30,50;78,69
16:14:33:053;71,47;-12,40;-30,50;78,69
16:14:33:071;69,55;-11,71;-24,17;74,56
16:14:33:082;70,79;-16,97;-34,55;80,58
16:14:33:102;70,62;-12,85;-35,65;80,14
16:14:33:112;70,62;-12,85;-35,65;80,14
16:14:33:122;70,60;-19,26;-36,36;81,72
16:14:33:138;70,60;-19,26;-36,36;81,72
16:14:33:156;70,51;-12,96;-35,01;79,78
16:14:33:173;69,97;-12,53;-24,74;75,27
16:14:33:187;70,04;-12,19;-23,76;74,96
16:14:33:204;67,73;-12,71;-33,11;76,45
16:14:33:223;69,71;-12,64;-25,89;75,43
16:14:33:237;69,71;-12,64;-25,89;75,43
16:14:33:256;68,27;-12,49;-31,45;76,20
16:14:33:273;70,05;-12,31;-24,00;75,06
16:14:33:287;69,90;-12,31;-25,94;75,57
16:14:33:304;71,12;-13,79;-35,01;80,46
16:14:33:314;71,12;-13,79;-35,01;80,46
16:14:33:325;69,15;-13,58;-34,50;78,46
16:14:33:337;70,92;-13,66;-35,10;80,30
16:14:33:354;70,80;-13,88;-33,91;79,72
16:14:33:375;70,80;-13,88;-33,91;79,72
16:14:33:396;70,30;-12,58;-30,35;77,60
16:14:33:406;70,30;-12,58;-30,35;77,60
16:14:33:426;70,46;-13,99;-36,03;80,37
16:14:33:446;69,53;-12,89;-30,66;77,08
16:14:33:456;70,25;-13,98;-35,32;79,86
16:14:33:474;70,25;-13,98;-35,32;79,86
16:14:33:486;70,99;-13,43;-34,04;79,86
16:14:33:497;70,22;-13,17;-35,04;79,58
16:14:33:517;71,15;-14,59;-35,45;80,82
16:14:33:528;71,15;-14,59;-35,45;80,82
16:14:33:547;70,06;-13,63;-36,12;80,00
16:14:33:558;69,77;-13,62;-35,98;79,67
16:14:33:575;69,77;-13,62;-35,98;79,67
16:14:33:588;69,28;-12,27;-24,30;74,43
16:14:33:601;69,62;-13,37;-34,21;78,72
16:14:33:618;69,20;-12,62;-25,04;74,67
16:14:33:628;69,20;-12,62;-25,04;74,67
16:14:33:648;69,44;-13,00;-30,91;77,11
16:14:33:659;70,61;-13,19;-35,10;79,95
16:14:33:674;70,61;-13,19;-35,10;79,95
16:14:33:689;69,68;-12,86;-24,22;74,88
16:14:33:702;70,69;-13,08;-34,44;79,72
16:14:33:719;68,64;-12,71;-25,89;74,45
16:14:33:740;70,54;-13,19;-36,07;80,32
16:14:33:752;70,08;-11,86;-25,91;75,65
16:14:33:770;69,28;-12,05;-24,85;74,58
16:14:33:791;69,28;-12,05;-24,85;74,58
16:14:33:801;69,67;-12,52;-24,20;74,81
16:14:33:811;69,81;-12,33;-30,61;77,22
16:14:33:830;69,71;-12,99;-25,59;75,39
16:14:33:841;69,71;-12,99;-25,59;75,39
16:14:33:852;69,14;-13,07;-25,87;74,97
16:14:33:871;69,13;-12,96;-25,79;74,91
16:14:33:890;69,13;-12,96;-25,79;74,91
16:14:33:902;68,64;-13,17;-25,67;74,46
16:14:33:912;67,78;-13,02;-26,45;73,91
16:14:33:923;67,78;-13,02;-26,45;73,91
16:14:33:943;71,22;-13,79;-35,33;80,69
16:14:33:953;69,65;-13,58;-31,01;77,44
16:14:33:973;70,82;-13,32;-35,41;80,29
16:14:33:989;70,82;-13,32;-35,41;80,29
16:14:34:004;72,99;-13,28;-32,29;80,91
16:14:34:019;70,39;-13,04;-29,40;77,38
16:14:34:034;72,50;-12,92;-32,46;80,48
16:14:34:054;69,68;-14,75;-35,40;79,54
16:14:34:068;69,68;-14,75;-35,40;79,54
16:14:34:085;68,00;-12,40;-37,09;78,45
16:14:34:095;70,65;-18,46;-34,95;80,95
16:14:34:107;70,65;-18,46;-34,95;80,95
16:14:34:125;70,25;-17,53;-35,66;80,71
16:14:34:135;70,25;-17,53;-35,66;80,71
16:14:34:156;71,16;-18,37;-36,20;81,93
16:14:34:169;69,95;-13,17;-35,87;79,70
16:14:34:186;70,12;-12,83;-35,11;79,46
16:14:34:196;70,12;-12,83;-35,11;79,46
16:14:34:208;70,90;-13,43;-34,61;80,03
16:14:34:218;70,90;-13,43;-34,61;80,03
16:14:34:236;71,00;-13,09;-34,83;80,15
16:14:34:252;70,84;-13,78;-35,83;80,58
16:14:34:269;70,64;-13,54;-35,68;80,28
16:14:34:287;70,61;-12,62;-35,47;80,02
16:14:34:307;70,61;-12,62;-35,47;80,02
16:14:34:318;71,71;-12,09;-33,20;79,95
16:14:34:328;70,79;-12,85;-34,51;79,79
16:14:34:338;70,79;-12,85;-34,51;79,79
16:14:34:358;72,73;-13,39;-33,27;81,09
16:14:34:368;70,73;-12,86;-36,12;80,45
16:14:34:389;72,18;-12,67;-31,43;79,74
16:14:34:402;72,18;-12,67;-31,43;79,74
16:14:34:419;70,78;-12,62;-34,34;79,67
16:14:34:432;70,47;-12,35;-29,60;77,43
16:14:34:450;69,47;-11,83;-24,99;74,77
16:14:34:469;70,40;-12,47;-30,82;77,86
16:14:34:486;70,40;-12,47;-30,82;77,86
16:14:34:499;64,56;-25,09;-43,25;81,66
16:14:34:510;70,82;-13,66;-34,95;80,14
16:14:34:530;70,84;-18,35;-35,09;81,16
16:14:34:540;61,74;-12,82;-40,12;74,73
16:14:34:561;66,84;-12,80;-36,95;77,44
16:14:34:580;68,94;-13,45;-34,18;78,12
16:14:34:591;68,94;-13,45;-34,18;78,12
16:14:34:602;68,24;-13,56;-37,69;79,13
16:14:34:623;69,39;-12,67;-33,15;77,93
16:14:34:633;69,39;-12,67;-33,15;77,93
16:14:34:652;68,92;-12,54;-34,14;77,92
16:14:34:667;71,00;-12,98;-35,22;80,31
16:14:34:683;69,14;-13,12;-34,72;78,47
16:14:34:693;69,14;-13,12;-34,72;78,47
16:14:34:712;70,50;-12,84;-34,85;79,69
16:14:34:723;72,56;-16,35;-31,18;80,65
16:14:34:738;72,56;-16,35;-31,18;80,65
16:14:34:754;68,68;-12,43;-36,96;78,98
16:14:34:767;68,12;-19,16;-38,86;80,73
16:14:34:785;70,34;-12,95;-36,07;80,10
16:14:34:804;69,43;-15,09;-36,80;80,02
16:14:34:816;69,43;-15,09;-36,80;80,02
16:14:34:834;70,59;-12,61;-34,51;79,58
16:14:34:848;68,70;-12,66;-37,46;79,27
16:14:34:865;69,87;-12,41;-24,58;75,10
16:14:34:885;68,09;-12,60;-31,95;76,26
16:14:34:898;68,09;-12,60;-31,95;76,26
16:14:34:915;70,60;-19,35;-31,70;79,77
16:14:34:925;70,60;-19,35;-31,70;79,77
16:14:34:937;70,70;-13,42;-34,46;79,79
16:14:34:949;70,70;-13,42;-34,46;79,79
16:14:34:966;70,00;-15,66;-31,24;78,24
16:14:34:976;61,62;-17,79;-29,20;70,47
16:14:34:996;67,64;-12,05;-38,78;78,90
16:14:35:007;67,64;-12,05;-38,78;78,90
16:14:35:027;68,24;-13,10;-37,91;79,15
16:14:35:037;70,17;-12,22;-29,30;77,01
16:14:35:055;70,17;-12,22;-29,30;77,01
16:14:35:067;69,19;-38,76;-34,36;86,43
16:14:35:077;68,48;-12,14;-28,28;75,08
16:14:35:098;68,40;-11,92;-29,24;75,34
16:14:35:108;68,40;-11,92;-29,24;75,34
16:14:35:128;70,29;-12,69;-30,03;77,49
16:14:35:138;61,78;-12,99;-28,87;69,42
16:14:35:154;61,78;-12,99;-28,87;69,42
16:14:35:169;71,47;-19,76;-35,52;82,22
16:14:35:183;70,62;-13,19;-35,34;80,06
16:14:35:199;70,54;-13,31;-36,24;80,42
16:14:35:209;70,54;-13,31;-36,24;80,42
16:14:35:229;70,25;-13,30;-36,09;80,09
16:14:35:240;69,92;-13,05;-34,90;79,23
16:14:35:253;69,92;-13,05;-34,90;79,23
16:14:35:270;70,51;-13,30;-34,79;79,74
16:14:35:281;70,62;-13,53;-34,95;79,95
16:14:35:300;70,64;-13,54;-35,92;80,40
16:14:35:315;61,59;-12,98;-29,05;69,32
16:14:35:331;68,66;-32,79;-34,75;83,65
16:14:35:341;68,66;-32,79;-34,75;83,65
16:14:35:352;69,25;-26,53;-37,69;83,19
16:14:35:363;69,25;-26,53;-37,69;83,19
16:14:35:381;62,22;-30,33;-37,33;78,64
16:14:35:392;64,45;-14,09;-42,08;78,25
16:14:35:411;64,66;-14,22;-42,56;78,70
16:14:35:422;64,66;-14,22;-42,56;78,70
16:14:35:443;64,92;-19,14;-39,80;78,52
16:14:35:453;60,61;-12,14;-29,72;68,58
16:14:35:470;60,61;-12,14;-29,72;68,58
16:14:35:482;70,80;-12,97;-34,75;79,93
16:14:35:499;70,41;-12,84;-35,26;79,79
16:14:35:514;64,83;-18,86;-32,08;74,76
16:14:35:533;64,73;-12,83;-38,46;76,38
16:14:35:547;64,73;-12,83;-38,46;76,38
16:14:35:566;70,59;-12,50;-34,83;79,70
16:14:35:583;70,59;-12,50;-34,91;79,74
16:14:35:597;71,11;-13,33;-35,31;80,51
16:14:35:614;70,82;-12,86;-36,03;80,50
16:14:35:625;70,82;-12,86;-36,03;80,50
16:14:35:645;70,06;-13,51;-35,96;79,90
16:14:35:666;69,40;-12,97;-24,81;74,83
16:14:35:685;69,86;-12,30;-24,18;74,94
16:14:35:697;70,90;-13,20;-34,68;80,02
16:14:35:715;70,90;-13,20;-34,68;80,02
16:14:35:725;70,12;-12,12;-31,62;77,87
16:14:35:736;70,12;-12,12;-31,62;77,87
16:14:35:747;69,67;-11,61;-25,12;74,96
16:14:35:767;69,84;-11,84;-23,92;74,77
16:14:35:785;69,84;-11,84;-23,92;74,77
16:14:35:797;70,35;-12,32;-24,55;75,53
16:14:35:807;69,79;-12,41;-25,23;75,24
16:14:35:818;69,79;-12,41;-25,23;75,24
16:14:35:837;69,80;-12,53;-25,64;75,41
16:14:35:847;69,23;-13,19;-25,55;74,96
16:14:35:868;69,67;-12,52;-24,04;74,75
16:14:35:884;69,67;-12,52;-24,04;74,75
16:14:35:897;66,98;-12,41;-26,39;73,06
16:14:35:911;69,67;-12,18;-24,75;74,93
16:14:35:928;64,55;-12,94;-39,28;76,67
16:14:35:939;64,55;-12,94;-39,28;76,67
16:14:35:949;67,53;-22,69;-39,15;81,29
16:14:35:962;67,53;-22,69;-39,15;81,29
16:14:35:979;70,99;-53,62;-36,65;96,22
16:14:36:002;70,81;-13,20;-35,01;80,08
16:14:36:019;70,99;-13,32;-34,36;79,98
16:14:36:039;68,25;-21,66;-33,51;79,06
16:14:36:050;70,25;-13,52;-35,94;80,06
16:14:36:062;70,25;-13,52;-35,94;80,06
16:14:36:080;72,51;-13,03;-32,63;80,57
16:14:36:101;61,84;-14,30;-38,90;74,45
16:14:36:113;61,84;-14,30;-38,90;74,45
16:14:36:131;64,41;-34,31;-34,96;80,92
16:14:36:146;69,74;-13,49;-35,01;79,20
16:14:36:162;63,62;-19,00;-25,74;71,21
16:14:36:181;70,09;-12,80;-29,65;77,17
16:14:36:200;70,09;-12,80;-29,65;77,17
16:14:36:212;59,03;-14,05;-35,78;70,45
16:14:36:222;62,07;-43,17;-42,70;86,84
16:14:36:242;63,37;-13,36;-42,60;77,52
16:14:36:253;63,37;-13,36;-42,60;77,52
16:14:36:272;56,95;-12,55;-31,52;66,29
16:14:36:283;68,04;-12,95;-33,90;77,12
16:14:36:299;68,04;-12,95;-33,90;77,12
16:14:36:314;70,31;-13,29;-34,24;79,32
16:14:36:324;69,50;-13,59;-32,94;78,11
16:14:36:334;69,50;-13,59;-32,94;78,11
16:14:36:354;71,31;-13,57;-35,23;80,69
16:14:36:364;70,02;-12,89;-26,53;75,98
16:14:36:379;70,02;-12,89;-26,53;75,98
16:14:36:394;70,80;-12,51;-35,38;80,13
16:14:36:405;71,05;-19,05;-34,71;81,34
16:14:36:418;71,05;-19,05;-34,71;81,34
16:14:36:434;70,89;-12,86;-34,66;79,95
16:14:36:445;69,46;-15,90;-36,92;80,25
16:14:36:455;69,46;-15,90;-36,92;80,25
16:14:36:466;70,54;-14,10;-34,99;79,99
16:14:36:477;70,54;-14,10;-34,99;79,99
16:14:36:496;68,33;-12,99;-37,90;79,21
16:14:36:506;68,33;-12,99;-37,90;79,21
16:14:36:516;68,96;-13,12;-35,53;78,68
16:14:36:527;68,96;-13,12;-35,53;78,68
16:14:36:546;70,21;-13,38;-30,15;77,58
16:14:36:562;70,08;-13,27;-32,97;78,58
16:14:36:577;69,73;-13,13;-30,50;77,23
16:14:36:597;71,05;-13,54;-32,19;79,17
16:14:36:615;71,05;-13,54;-32,19;79,17
16:14:36:628;68,48;-13,42;-31,08;76,39
16:14:36:648;69,41;-13,01;-33,73;78,26
16:14:36:661;68,04;-13,41;-33,28;76,92
16:14:36:678;68,64;-13,44;-33,80;77,68
16:14:36:698;69,71;-13,03;-34,27;78,77
16:14:36:715;69,71;-13,03;-34,27;78,77
16:14:36:729;71,50;-13,12;-35,44;80,87
16:14:36:744;71,07;-12,29;-34,62;80,00
16:14:36:761;71,20;-13,56;-34,76;80,38
16:14:36:779;68,42;-13,54;-32,54;76,96
16:14:36:793;68,42;-13,54;-32,54;76,96
16:14:36:810;70,73;-13,66;-35,43;80,28
16:14:36:820;70,99;-13,09;-34,75;80,12
16:14:36:833;70,99;-13,09;-34,75;80,12
16:14:36:851;70,71;-13,42;-34,78;79,94
16:14:36:870;71,22;-13,43;-31,37;78,97
16:14:36:881;70,03;-13,03;-30,87;77,63
16:14:36:894;70,03;-13,03;-30,87;77,63
16:14:36:912;70,58;-13,05;-29,47;77,59
16:14:36:922;70,58;-13,05;-29,47;77,59
16:14:36:934;70,38;-12,81;-29,31;77,31
16:14:36:944;70,38;-12,81;-29,31;77,31
16:14:36:962;72,37;-11,63;-27,99;78,46
16:14:36:977;70,10;-12,00;-30,82;77,51
16:14:36:993;69,93;-12,91;-30,87;77,52
16:14:37:013;66,93;-13,10;-27,80;73,65
16:14:37:033;66,93;-13,10;-27,80;73,65
16:14:37:053;72,57;-12,55;-27,22;78,51
16:14:37:073;72,39;-12,66;-28,04;78,66
16:14:37:094;71,51;-12,85;-27,71;77,76
16:14:37:104;71,51;-12,85;-27,71;77,76
16:14:37:124;69,58;-11,95;-25,47;75,06
16:14:37:134;70,81;-13,09;-35,00;80,06
16:14:37:148;70,81;-13,09;-35,00;80,06
16:14:37:165;70,80;-13,43;-34,45;79,88
16:14:37:176;70,42;-13,07;-35,51;79,95
16:14:37:194;70,74;-13,55;-36,07;80,56
16:14:37:210;70,74;-13,55;-36,07;80,56
16:14:37:226;70,83;-13,55;-35,42;80,34
16:14:37:247;69,96;-12,42;-24,34;75,11
16:14:37:260;69,77;-12,30;-24,59;74,99
16:14:37:276;69,40;-12,51;-25,43;74,97
16:14:37:296;69,42;-12,86;-25,84;75,18
16:14:37:308;69,10;-12,38;-25,28;74,62
16:14:37:327;69,69;-12,41;-25,08;75,09
16:14:37:347;69,69;-12,41;-25,08;75,09
16:14:37:357;69,58;-12,52;-24,69;74,89
16:14:37:377;70,90;-13,20;-34,92;80,13
16:14:37:391;70,93;-13,21;-36,04;80,65
16:14:37:408;68,85;-12,38;-26,98;74,98
16:14:37:427;69,75;-11,49;-24,71;74,89
16:14:37:447;69,75;-11,49;-24,71;74,89
16:14:37:458;69,77;-12,75;-24,21;74,95
16:14:37:469;69,96;-12,30;-24,41;75,11
16:14:37:489;69,05;-13,19;-26,37;75,08
16:14:37:499;69,05;-13,19;-26,37;75,08
16:14:37:519;70,00;-12,66;-25,87;75,70
16:14:37:529;67,48;-11,98;-27,38;73,80
16:14:37:546;67,48;-11,98;-27,38;73,80
16:14:37:559;69,84;-11,84;-23,92;74,77
16:14:37:575;68,37;-12,36;-27,34;74,66
16:14:37:591;69,88;-12,30;-25,06;75,25
16:14:37:610;70,03;-13,03;-30,87;77,63
16:14:37:624;70,03;-13,03;-30,87;77,63
16:14:37:641;69,70;-12,98;-24,87;75,13
16:14:37:651;71,50;-12,96;-26,91;77,49
16:14:37:662;71,50;-12,96;-26,91;77,49
16:14:37:681;70,80;-13,31;-34,61;79,92
16:14:37:691;71,50;-13,32;-30,86;79,01
16:14:37:702;63,54;-13,18;-28,84;71,01
16:14:37:712;63,54;-13,18;-28,84;71,01
16:14:37:732;70,20;-15,35;-35,88;80,32
16:14:37:751;71,22;-13,54;-31,38;79,00
16:14:37:762;71,06;-19,39;-34,89;81,50
16:14:37:780;71,06;-19,39;-34,89;81,50
16:14:37:792;71,19;-13,33;-34,66;80,30
16:14:37:808;70,28;-18,33;-36,18;81,14
16:14:37:828;69,03;-13,68;-33,38;77,89
16:14:37:843;68,71;-13,34;-36,85;79,10
16:14:37:857;68,71;-13,34;-36,85;79,10
16:14:37:883;69,75;-12,29;-23,62;74,66
