point_num,file_name,Y,Bx_mean,By_mean,Bz_mean,BT_mean
1,1.csv,0.0,66.2,-18.42,-40.01,79.9
2,2.csv,0.5,66.52,-15.86,-39.75,79.33
3,3.csv,1.0,66.17,-16.07,-45.22,82.24
4,4.csv,1.5,60.08,-21.95,-47.19,82.28
5,5.csv,2.0,66.19,-13.47,-45.14,81.79
6,6.csv,2.5,64.55,-15.16,-48.73,82.85
7,7.csv,3.0,64.43,-13.81,-48.87,82.37
8,8.csv,3.5,62.89,-16.44,-51.52,83.6
9,9.csv,4.0,61.07,-16.8,-50.09,81.6
10,10.csv,4.5,61.6,-17.25,-50.15,82.08
11,11.csv,5.0,62.73,-16.57,-48.84,81.42
12,12.csv,5.5,63.36,-18.72,-48.41,82.48
13,13.csv,6.0,64.75,-18.42,-45.81,81.55
14,14.csv,6.5,65.29,-20.36,-45.15,82.23
15,15.csv,7.0,65.39,-21.16,-43.49,81.74
16,16.csv,7.5,67.88,-20.33,-41.37,82.19
17,17.csv,8.0,67.89,-21.22,-40.79,82.39
18,18.csv,8.5,69.21,-19.94,-39.24,82.22
19,19.csv,9.0,68.45,-20.98,-39.32,82.08
20,20.csv,9.5,69.35,-18.96,-38.21,81.64
21,21.csv,10.0,68.7,-20.37,-38.47,81.7
22,22.csv,10.5,68.32,-20.04,-36.96,80.59
23,23.csv,11.0,67.02,-21.94,-37.57,80.57
24,24.csv,11.5,66.5,-20.44,-34.38,78.22
25,25.csv,12.0,67.82,-18.78,-31.22,77.21
26,26.csv,12.5,67.17,-19.54,-33.76,77.93
27,27.csv,13.0,66.81,-19.05,-31.57,76.57
29,29.csv,14.0,66.9,-18.29,-29.04,75.45
30,30.csv,14.5,67.24,-17.47,-29.34,75.68
31,31.csv,15.0,64.71,-22.19,-31.94,76.85
32,32.csv,15.5,68.56,-17.13,-30.56,77.3
33,33.csv,16.0,68.5,-18.28,-30.54,77.61
34,34.csv,16.5,66.73,-22.35,-32.7,78.75
35,35.csv,17.0,68.09,-17.18,-31.82,77.54
36,36.csv,17.5,69.42,-14.37,-31.92,78.04
37,37.csv,18.0,69.21,-12.97,-31.71,77.44
38,38.csv,18.5,68.62,-13.59,-32.23,77.31
39,39.csv,19.0,67.9,-13.58,-32.33,76.78
40,40.csv,19.5,62.53,-21.68,-34.95,77.2
41,41.csv,20.0,67.52,-13.41,-35.45,77.66
42,42.csv,20.5,66.01,-16.13,-37.16,78.36
43,43.csv,21.0,66.29,-13.78,-37.67,77.91
44,44.csv,21.5,68.79,-17.47,-35.4,79.58
45,45.csv,22.0,62.43,-22.16,-35.95,76.12
46,46.csv,22.5,60.63,-21.5,-35.51,74.57
47,47.csv,23.0,62.55,-18.18,-34.8,74.37
48,48.csv,23.5,63.15,-19.23,-36.49,76.28
49,49.csv,24.0,64.28,-19.47,-36.27,76.78
50,50.csv,24.5,63.77,-20.49,-39.15,78.26
51,51.csv,25.0,63.91,-19.54,-36.4,76.69
52,52.csv,25.5,63.53,-22.03,-39.96,78.75
53,53.csv,26.0,61.8,-20.32,-36.0,74.63
54,54.csv,26.5,62.04,-21.69,-36.01,75.68
55,55.csv,27.0,62.44,-22.5,-36.38,76.8
56,56.csv,27.5,62.99,-22.96,-33.36,75.83
57,57.csv,28.0,63.74,-21.81,-32.59,75.4
58,58.csv,28.5,63.17,-24.34,-31.68,75.98
59,59.csv,29.0,65.07,-20.47,-30.04,75.07
60,60.csv,29.5,65.06,-21.58,-31.86,76.54
61,61.csv,30.0,65.1,-19.6,-31.56,75.57
62,62.csv,30.5,64.49,-21.03,-32.66,76.26
63,63.csv,31.0,64.99,-19.06,-31.59,75.22
64,64.csv,31.5,65.31,-20.13,-32.01,75.99
65,65.csv,32.0,64.97,-19.62,-29.67,74.61
66,66.csv,32.5,65.14,-20.51,-28.08,74.72
67,67.csv,33.0,64.82,-20.48,-28.34,74.67
68,68.csv,33.5,65.45,-18.36,-25.17,73.03
69,69.csv,34.0,64.61,-20.66,-26.85,73.93
70,70.csv,34.5,64.81,-18.2,-26.74,72.94
71,71.csv,35.0,63.17,-21.26,-29.12,73.78
72,72.csv,35.5,65.44,-17.72,-28.67,74.04
73,73.csv,36.0,65.15,-18.08,-28.45,73.77
74,74.csv,36.5,64.98,-18.82,-29.75,74.42
75,75.csv,37.0,64.33,-19.98,-31.66,75.19
76,76.csv,37.5,63.7,-21.71,-30.34,75.97
77,77.csv,38.0,64.55,-17.94,-28.1,73.36
78,78.csv,38.5,64.87,-15.68,-29.89,73.6
79,79.csv,39.0,64.34,-16.37,-32.04,74.99
80,80.csv,39.5,64.88,-13.43,-30.71,73.66
81,81.csv,40.0,65.35,-13.3,-35.63,76.15
82,82.csv,40.5,65.01,-13.76,-34.21,75.83
83,83.csv,41.0,65.01,-12.81,-34.31,75.18
84,84.csv,41.5,63.1,-15.33,-37.94,76.11
85,85.csv,42.0,63.41,-13.14,-38.27,75.54
86,86.csv,42.5,59.41,-17.32,-40.26,75.66
87,87.csv,43.0,60.99,-15.6,-38.94,74.37
89,89.csv,44.0,60.2,-17.05,-42.01,76.11
90,90.csv,44.5,61.26,-17.76,-39.7,75.7
91,91.csv,45.0,60.48,-20.83,-39.59,76.72
92,92.csv,45.5,61.85,-21.06,-40.36,78.48
93,93.csv,46.0,61.52,-20.32,-39.88,77.1
94,94.csv,46.5,61.5,-20.99,-38.45,76.45
95,95.csv,47.0,59.31,-25.21,-41.35,78.39
96,96.csv,47.5,61.16,-21.87,-38.61,76.22
97,97.csv,48.0,62.7,-21.58,-38.3,77.25
98,98.csv,48.5,63.39,-21.57,-38.44,77.95
99,99.csv,49.0,62.55,-25.2,-37.35,78.46
100,100.csv,49.5,65.0,-21.43,-36.2,78.42
101,101.csv,50.0,65.41,-17.91,-35.96,77.3
102,102.csv,50.5,64.76,-17.92,-36.37,77.09
103,103.csv,51.0,64.49,-17.99,-37.59,77.47
104,104.csv,51.5,63.56,-17.65,-38.5,77.07
105,105.csv,52.0,59.66,-17.85,-34.65,71.62
106,106.csv,52.5,59.11,-20.97,-33.43,71.82
107,107.csv,53.0,60.18,-20.1,-32.36,71.51
108,108.csv,53.5,60.28,-21.1,-30.13,71.19
109,109.csv,54.0,60.86,-19.99,-28.93,70.76
110,110.csv,54.5,56.24,-25.28,-28.84,70.67
111,111.csv,55.0,60.29,-21.95,-26.31,70.05
112,112.csv,55.5,60.06,-21.94,-26.15,69.86
113,113.csv,56.0,58.59,-22.56,-26.69,69.47
114,114.csv,56.5,58.8,-20.98,-27.6,68.92
115,115.csv,57.0,58.84,-18.66,-24.49,67.05
116,116.csv,57.5,56.99,-23.25,-28.01,69.5
117,117.csv,58.0,59.05,-20.27,-30.46,70.15
118,118.csv,58.5,59.1,-22.08,-30.76,71.86
119,119.csv,59.0,60.34,-21.35,-28.86,71.2
120,120.csv,59.5,59.6,-20.05,-28.12,69.38
121,121.csv,60.0,58.99,-20.61,-28.25,69.23
122,122.csv,60.5,56.68,-24.62,-31.39,71.06
123,123.csv,61.0,56.69,-21.86,-31.59,69.39
124,124.csv,61.5,56.95,-21.9,-30.14,69.27
125,125.csv,62.0,56.34,-22.41,-32.13,70.73
126,126.csv,62.5,59.78,-17.95,-31.85,70.43
127,127.csv,63.0,58.59,-18.32,-32.89,70.57
128,128.csv,63.5,56.31,-15.31,-38.02,71.71
